Workbook

Sheet Reglas_de_Uso
A1: Regla | B1: Aplica a | C1: Acción requerida | D1: Riesgo si no se valida | E1: Prioridad
A2: Precios válidos hasta el 30 de junio de 2026 | B2: Todo el archivo | C2: Confirmar vigencia antes de emitir oferta formal | D2: Usar precio vencido o no autorizado | E2: Alta
A3: Segmento limitado a SMB hasta 200 usuarios | B3: Todas las familias | C3: Si supera 200 usuarios, escalar a cotización formal | D3: Subdimensionamiento o descuento incorrecto | E3: Alta
A4: Firewall no se dimensiona solo por cantidad de usuarios | B4: XGS | C4: Validar throughput, VPN, SSL inspection, IPS, HA, sedes y servicios | D4: Equipo insuficiente para el tráfico real | E4: Alta
A5: Separar usuario final de servidor | B5: Endpoint / Server / EDR / XDR | C5: Contar usuarios y servidores por separado | D5: Cotización incorrecta de licencias | E5: Alta
A6: Validar si aplica registro de oportunidad | B6: Todos los productos | C6: Confirmar estado de DR antes de cerrar precio final | D6: Diferencia entre precio estimado y precio aprobado | E6: Media
A7: EDR/XDR requiere conversación de operación | B7: EDR / XDR | C7: Definir quién revisa alertas e investiga eventos | D7: Vender visibilidad sin capacidad de respuesta | E7: Media
A8: Usar matriz antes de recomendar producto | B8: Comercial / preventa | C8: Partir del dolor del cliente y no solo del SKU | D8: Oferta poco alineada al problema | E8: Media

Sheet Buscador
A1: Buscador rápido de precios Sophos SMB - hasta 200 usuarios
A3: Ingrese los criterios de consulta. El resultado se filtra automáticamente desde la lista de precios normalizada.
A5: Campo | B5: Valor | C5: Comentario
A6: Familia | B6: Endpoint | C6: Seleccione el tipo de solución
A7: Cantidad usuarios/licencias | B7: 1 | C7: Máximo SMB considerado: 200
A8: Vigencia meses | B8: 12 | C8: Use 12, 24 o 36. Para appliance HW se muestra con vigencia 0.
A10: Familia | B10: Subfamilia | C10: Producto | D10: Modelo | E10: Rango | F10: Min Usuarios | G10: Max Usuarios | H10: SKU | I10: Vigencia Meses | J10: MSRP USD | K10: Con DR USD | L10: Unidad | M10: Throughput Max | N10: Sesiones Concurrentes | O10: Sesiones Por Segundo | P10: Usuarios Full UTM | Q10: Vencimiento
A11: {=_xlfn._xlws.FILTER(Lista_Precios!A2:Q200,(Lista_Precios!A2:A200=$B$6)*(Lista_Precios!F2:F200<=$B$7)*(Lista_Precios!G2:G200>=$B$7)*((Lista_Precios!I2:I200=$B$8)+(Lista_Precios!I2:I200=0)),"Sin resultados para los criterios seleccionados")} -> Endpoint | B11: Endpoint Protection | C11: Sophos Endpoint | D11: N/A | E11: 1-100 LIC | F11: 1 | G11: 100 | H11: 0 | I11: 12 | J11: 26.04 | K11: 0 | L11: Usuario/Servidor | M11: 0 | N11: 0 | O11: 0 | P11: 0 | Q11: 30/06/2026

Sheet Lista_Precios
A1: Familia | B1: Subfamilia | C1: Producto | D1: Modelo | E1: Rango | F1: Min Usuarios | G1: Max Usuarios | H1: SKU | I1: Vigencia Meses | J1: MSRP USD | K1: Con DR USD | L1: Unidad | M1: Throughput Max | N1: Sesiones Concurrentes | O1: Sesiones Por Segundo | P1: Usuarios Full UTM | Q1: Validez
A2: Firewall | B2: XGS | C2: XGS 88 | D2: XGS 88 | E2: 1-20 usuarios | F2: 1 | G2: 20 | H2: XG88ZZ00ZZPCUS | I2: 0 | J2: 576.45 | K2: 409.2795 | L2: Equipo | M2: 9Gbps | N2: 1600000 | O2: 40500 | P2: 20 | Q2: 30/06/2026
A3: Firewall | B3: XGS | C3: XGS 88 | D3: XGS 88 | E3: 1-20 usuarios | F3: 1 | G3: 20 | H3: XS88ZZ12ZZNCAA | I3: 12 | J3: 276.72 | K3: 196.4712 | L3: Licencia | M3: 9Gbps | N3: 1600000 | O3: 40500 | P3: 20 | Q3: 30/06/2026
A4: Firewall | B4: XGS | C4: XGS 88 | D4: XGS 88 | E4: 1-20 usuarios | F4: 1 | G4: 20 | H4: XS88ZZ24ZZNCAA | I4: 24 | J4: 553.44 | K4: 392.9424 | L4: Licencia | M4: 9Gbps | N4: 1600000 | O4: 40500 | P4: 20 | Q4: 30/06/2026
A5: Firewall | B5: XGS | C5: XGS 88 | D5: XGS 88 | E5: 1-20 usuarios | F5: 1 | G5: 20 | H5: XS88ZZ36ZZNCAA | I5: 36 | J5: 830.16 | K5: 589.4136 | L5: Licencia | M5: 9Gbps | N5: 1600000 | O5: 40500 | P5: 20 | Q5: 30/06/2026
A6: Firewall | B6: XGS | C6: XGS 108 | D6: XGS 108 | E6: 1-40 usuarios | F6: 1 | G6: 40 | H6: XG108Z00ZZPCUS | I6: 0 | J6: 757.05 | K6: 537.5055 | L6: Equipo | M6: 12,5Gbps | N6: 4190000 | O6: 53000 | P6: 40 | Q6: 30/06/2026
A7: Firewall | B7: XGS | C7: XGS 108 | D7: XGS 108 | E7: 1-40 usuarios | F7: 1 | G7: 40 | H7: XS108Z12ZZNCAA | I7: 12 | J7: 378.96 | K7: 269.0616 | L7: Licencia | M7: 12,5Gbps | N7: 4190000 | O7: 53000 | P7: 40 | Q7: 30/06/2026
A8: Firewall | B8: XGS | C8: XGS 108 | D8: XGS 108 | E8: 1-40 usuarios | F8: 1 | G8: 40 | H8: XS108Z24ZZNCAA | I8: 24 | J8: 757.92 | K8: 538.1232 | L8: Licencia | M8: 12,5Gbps | N8: 4190000 | O8: 53000 | P8: 40 | Q8: 30/06/2026
A9: Firewall | B9: XGS | C9: XGS 108 | D9: XGS 108 | E9: 1-40 usuarios | F9: 1 | G9: 40 | H9: XS108Z36ZZNCAA | I9: 36 | J9: 1136.88 | K9: 807.1848 | L9: Licencia | M9: 12,5Gbps | N9: 4190000 | O9: 53000 | P9: 40 | Q9: 30/06/2026
A10: Firewall | B10: XGS | C10: XGS 118 | D10: XGS 118 | E10: 1-70 usuarios | F10: 1 | G10: 70 | H10: XG118Z00ZZPCUS | I10: 0 | J10: 965.48 | K10: 685.4908 | L10: Equipo | M10: 15,5Gbps | N10: 5500000 | O10: 62500 | P10: 70 | Q10: 30/06/2026
A11: Firewall | B11: XGS | C11: XGS 118 | D11: XGS 118 | E11: 1-70 usuarios | F11: 1 | G11: 70 | H11: XS118Z12ZZNCAA | I11: 12 | J11: 605.28 | K11: 429.7488 | L11: Licencia | M11: 15,5Gbps | N11: 5500000 | O11: 62500 | P11: 70 | Q11: 30/06/2026
A12: Firewall | B12: XGS | C12: XGS 118 | D12: XGS 118 | E12: 1-70 usuarios | F12: 1 | G12: 70 | H12: XS118Z24ZZNCAA | I12: 24 | J12: 1210.56 | K12: 859.4976 | L12: Licencia | M12: 15,5Gbps | N12: 5500000 | O12: 62500 | P12: 70 | Q12: 30/06/2026
A13: Firewall | B13: XGS | C13: XGS 118 | D13: XGS 118 | E13: 1-70 usuarios | F13: 1 | G13: 70 | H13: XS118Z36ZZNCAA | I13: 36 | J13: 1815.84 | K13: 1095.8594 | L13: Licencia | M13: 15,5Gbps | N13: 5500000 | O13: 62500 | P13: 70 | Q13: 30/06/2026
... A21: Firewall | B21: XGS | C21: XGS 138 | D21: XGS 138 | E21: 1-200 usuarios | F21: 1 | G21: 200 | H21: XS138Z36ZZNCAA | I21: 36 | J21: 3807 | K21: 2297.5245 | L21: Licencia | M21: 19,1Gbps | N21: 6550000 | O21: 105000 | P21: 200 | Q21: 30/06/2026
A22: Endpoint | B22: Endpoint Protection | C22: Sophos Endpoint | D22: N/A | E22: 1-100 LIC | F22: 1 | G22: 100 | I22: 12 | J22: 26.04 | L22: Usuario/Servidor | Q22: 30/06/2026
A23: Server | B23: Server Protection | C23: Sophos Server | D23: N/A | E23: 1-100 LIC | F23: 1 | G23: 100 | I23: 12 | J23: 26.04 | L23: Usuario/Servidor | Q23: 30/06/2026
A24: Endpoint | B24: Endpoint Protection | C24: Sophos Endpoint | D24: N/A | E24: 1-100 LIC | F24: 1 | G24: 100 | I24: 24 | J24: 52.08 | L24: Usuario/Servidor | Q24: 30/06/2026
A25: Server | B25: Server Protection | C25: Sophos Server | D25: N/A | E25: 1-100 LIC | F25: 1 | G25: 100 | I25: 24 | J25: 52.08 | L25: Usuario/Servidor | Q25: 30/06/2026
A26: Endpoint | B26: Endpoint Protection | C26: Sophos Endpoint | D26: N/A | E26: 1-100 LIC | F26: 1 | G26: 100 | I26: 36 | J26: 78.12 | L26: Usuario/Servidor | Q26: 30/06/2026
A27: Server | B27: Server Protection | C27: Sophos Server | D27: N/A | E27: 1-100 LIC | F27: 1 | G27: 100 | I27: 36 | J27: 78.12 | L27: Usuario/Servidor | Q27: 30/06/2026
A28: Endpoint | B28: Endpoint Protection | C28: Sophos Endpoint | D28: N/A | E28: 101-200 LIC | F28: 101 | G28: 200 | H28: CIXA0U12AENCAA | I28: 12 | J28: 33.35 | K28: 17.342 | L28: Usuario/Servidor | Q28: 30/06/2026
A29: Server | B29: Server Protection | C29: Sophos Server | D29: N/A | E29: 101-200 LIC | F29: 101 | G29: 200 | H29: CIXA0S12BGNCAA | I29: 12 | J29: 53.29 | K29: 27.7108 | L29: Usuario/Servidor | Q29: 30/06/2026
A30: Endpoint | B30: Endpoint Protection | C30: Sophos Endpoint | D30: N/A | E30: 101-200 LIC | F30: 101 | G30: 200 | H30: CIXA0U24AENCAA | I30: 24 | J30: 66.7 | K30: 34.684 | L30: Usuario/Servidor | Q30: 30/06/2026
A31: Server | B31: Server Protection | C31: Sophos Server | D31: N/A | E31: 101-200 LIC | F31: 101 | G31: 200 | H31: CIXA0S24BGNCAA | I31: 24 | J31: 106.57 | K31: 55.4164 | L31: Usuario/Servidor | Q31: 30/06/2026
A32: Endpoint | B32: Endpoint Protection | C32: Sophos Endpoint | D32: N/A | E32: 101-200 LIC | F32: 101 | G32: 200 | H32: CIXA0U36AENCAA | I32: 36 | J32: 85.04 | K32: 44.2208 | L32: Usuario/Servidor | Q32: 30/06/2026
A33: Server | B33: Server Protection | C33: Sophos Server | D33: N/A | E33: 101-200 LIC | F33: 101 | G33: 200 | H33: CIXA0S36BGNCAA | I33: 36 | J33: 135.88 | K33: 70.6576 | L33: Usuario/Servidor | Q33: 30/06/2026
A34: EDR User | B34: Endpoint Detection & Response | C34: EDR USER | D34: N/A | E34: 1-9 LIC | F34: 1 | G34: 9 | H34: SEDRAU12AANCAA | I34: 12 | J34: 92 | K34: 47.84 | L34: Usuario/Servidor | Q34: 30/06/2026
A35: EDR User | B35: Endpoint Detection & Response | C35: EDR USER | D35: N/A | E35: 10-24 LIC | F35: 10 | G35: 24 | H35: SEDRAU12ABNCAA | I35: 12 | J35: 62.12 | K35: 32.3024 | L35: Usuario/Servidor | Q35: 30/06/2026
A36: EDR User | B36: Endpoint Detection & Response | C36: EDR USER | D36: N/A | E36: 25-49 LIC | F36: 25 | G36: 49 | H36: SEDRAU12ACNCAA | I36: 12 | J36: 59.16 | K36: 30.7632 | L36: Usuario/Servidor | Q36: 30/06/2026
A37: EDR User | B37: Endpoint Detection & Response | C37: EDR USER | D37: N/A | E37: 50-99 LIC | F37: 50 | G37: 99 | H37: SEDRAU12ADNCAA | I37: 12 | J37: 56.21 | K37: 29.2292 | L37: Usuario/Servidor | Q37: 30/06/2026
A38: EDR User | B38: Endpoint Detection & Response | C38: EDR USER | D38: N/A | E38: 100-199 LIC | F38: 100 | G38: 199 | H38: SEDRAU12AENCAA | I38: 12 | J38: 52.06 | K38: 27.0712 | L38: Usuario/Servidor | Q38: 30/06/2026
A39: EDR User | B39: Endpoint Detection & Response | C39: EDR USER | D39: N/A | E39: 1-9 LIC | F39: 1 | G39: 9 | H39: SEDRAU24AANCAA | I39: 24 | J39: 184 | K39: 95.68 | L39: Usuario/Servidor | Q39: 30/06/2026
... A93: XDR Server | B93: Extended Detection & Response | C93: XDR SERVER | D93: N/A | E93: 100-999 LIC | F93: 100 | G93: 200 | H93: SEDRAS36BGNCAA | I93: 36 | J93: 197.06 | K93: 102.4712 | L93: Usuario/Servidor | Q93: 30/06/2026

Sheet Specs_Firewall
A1: Marca | B1: Modelo | C1: Throughput Max | D1: Sesiones Concurrentes | E1: Sesiones por Segundo | F1: Usuarios Full UTM
A2: Sophos | B2: XGS 88 | C2: 9Gbps | D2: 1600000 | E2: 40500 | F2: 20
A3: Sophos | B3: XGS 108 | C3: 12,5Gbps | D3: 4190000 | E3: 53000 | F3: 40
A4: Sophos | B4: XGS 118 | C4: 15,5Gbps | D4: 5500000 | E4: 62500 | F4: 70
A5: Sophos | B5: XGS 128 | C5: 19,1Gbps | D5: 6000000 | E5: 72250 | F5: 100
A6: Sophos | B6: XGS 138 | C6: 19,1Gbps | D6: 6550000 | E6: 105000 | F6: 200

Sheet Comparador_12_24_36
A1: Comparador de vigencias - precio referencia
A3: Familia | B3: Producto / Modelo | C3: Rango | D3: 12 meses ref. | E3: 24 meses ref. | F3: 36 meses ref. | G3: Mensual equivalente 36m | H3: Recomendación
A4: Endpoint | B4: Sophos Endpoint | C4: 1-100 LIC | D4: =IF(SUMIFS(Lista_Precios!$K:$K,Lista_Precios!$A:$A,$A4,Lista_Precios!$C:$C,$B4,Lista_Precios!$E:$E,$C4,Lista_Precios!$I:$I,12)>0,SUMIFS(Lista_Precios!$K:$K,Lista_Precios!$A:$A,$A4,Lista_Precios!$C:$C,$B4,Lista_Precios!$E:$E,$C4,Lista_Precios!$I:$I,12),IF(SUMIFS(Lista_Precios!$J:$J,Lista_Precios!$A:$A,$A4,Lista_Precios!$C:$C,$B4,Lista_Precios!$E:$E,$C4,Lista_Precios!$I:$I,12)>0,SUMIFS(Lista_Precios!$J:$J,Lista_Precios!$A:$A,$A4,Lista_Precios!$C:$C,$B4,Lista_Precios!$E:$E,$C4,Lista_Precios!$I:$I,12),"")) -> 26.04 | E4: =IF(SUMIFS(Lista_Precios!$K:$K,Lista_Precios!$A:$A,$A4,Lista_Precios!$C:$C,$B4,Lista_Precios!$E:$E,$C4,Lista_Precios!$I:$I,24)>0,SUMIFS(Lista_Precios!$K:$K,Lista_Precios!$A:$A,$A4,Lista_Precios!$C:$C,$B4,Lista_Precios!$E:$E,$C4,Lista_Precios!$I:$I,24),IF(SUMIFS(Lista_Precios!$J:$J,Lista_Precios!$A:$A,$A4,Lista_Precios!$C:$C,$B4,Lista_Precios!$E:$E,$C4,Lista_Precios!$I:$I,24)>0,SUMIFS(Lista_Precios!$J:$J,Lista_Precios!$A:$A,$A4,Lista_Precios!$C:$C,$B4,Lista_Precios!$E:$E,$C4,Lista_Precios!$I:$I,24),"")) -> 52.08 | F4: =IF(SUMIFS(Lista_Precios!$K:$K,Lista_Precios!$A:$A,$A4,Lista_Precios!$C:$C,$B4,Lista_Precios!$E:$E,$C4,Lista_Precios!$I:$I,36)>0,SUMIFS(Lista_Precios!$K:$K,Lista_Precios!$A:$A,$A4,Lista_Precios!$C:$C,$B4,Lista_Precios!$E:$E,$C4,Lista_Precios!$I:$I,36),IF(SUMIFS(Lista_Precios!$J:$J,Lista_Precios!$A:$A,$A4,Lista_Precios!$C:$C,$B4,Lista_Precios!$E:$E,$C4,Lista_Precios!$I:$I,36)>0,SUMIFS(Lista_Precios!$J:$J,Lista_Precios!$A:$A,$A4,Lista_Precios!$C:$C,$B4,Lista_Precios!$E:$E,$C4,Lista_Precios!$I:$I,36),"")) -> 78.12 | G4: =IF(F4="","",F4/36) -> 2.17 | H4: Recomendar 36 meses si el cliente busca mayor planeación presupuestal.
A5: Server | B5: Sophos Server | C5: 1-100 LIC | D5: =IF(SUMIFS(Lista_Precios!$K:$K,Lista_Precios!$A:$A,$A5,Lista_Precios!$C:$C,$B5,Lista_Precios!$E:$E,$C5,Lista_Precios!$I:$I,12)>0,SUMIFS(Lista_Precios!$K:$K,Lista_Precios!$A:$A,$A5,Lista_Precios!$C:$C,$B5,Lista_Precios!$E:$E,$C5,Lista_Precios!$I:$I,12),IF(SUMIFS(Lista_Precios!$J:$J,Lista_Precios!$A:$A,$A5,Lista_Precios!$C:$C,$B5,Lista_Precios!$E:$E,$C5,Lista_Precios!$I:$I,12)>0,SUMIFS(Lista_Precios!$J:$J,Lista_Precios!$A:$A,$A5,Lista_Precios!$C:$C,$B5,Lista_Precios!$E:$E,$C5,Lista_Precios!$I:$I,12),"")) -> 26.04 | E5: =IF(SUMIFS(Lista_Precios!$K:$K,Lista_Precios!$A:$A,$A5,Lista_Precios!$C:$C,$B5,Lista_Precios!$E:$E,$C5,Lista_Precios!$I:$I,24)>0,SUMIFS(Lista_Precios!$K:$K,Lista_Precios!$A:$A,$A5,Lista_Precios!$C:$C,$B5,Lista_Precios!$E:$E,$C5,Lista_Precios!$I:$I,24),IF(SUMIFS(Lista_Precios!$J:$J,Lista_Precios!$A:$A,$A5,Lista_Precios!$C:$C,$B5,Lista_Precios!$E:$E,$C5,Lista_Precios!$I:$I,24)>0,SUMIFS(Lista_Precios!$J:$J,Lista_Precios!$A:$A,$A5,Lista_Precios!$C:$C,$B5,Lista_Precios!$E:$E,$C5,Lista_Precios!$I:$I,24),"")) -> 52.08 | F5: =IF(SUMIFS(Lista_Precios!$K:$K,Lista_Precios!$A:$A,$A5,Lista_Precios!$C:$C,$B5,Lista_Precios!$E:$E,$C5,Lista_Precios!$I:$I,36)>0,SUMIFS(Lista_Precios!$K:$K,Lista_Precios!$A:$A,$A5,Lista_Precios!$C:$C,$B5,Lista_Precios!$E:$E,$C5,Lista_Precios!$I:$I,36),IF(SUMIFS(Lista_Precios!$J:$J,Lista_Precios!$A:$A,$A5,Lista_Precios!$C:$C,$B5,Lista_Precios!$E:$E,$C5,Lista_Precios!$I:$I,36)>0,SUMIFS(Lista_Precios!$J:$J,Lista_Precios!$A:$A,$A5,Lista_Precios!$C:$C,$B5,Lista_Precios!$E:$E,$C5,Lista_Precios!$I:$I,36),"")) -> 78.12 | G5: =IF(F5="","",F5/36) -> 2.17 | H5: Recomendar 36 meses si el cliente busca mayor planeación presupuestal.
A6: Endpoint | B6: Sophos Endpoint | C6: 101-200 LIC | D6: =IF(SUMIFS(Lista_Precios!$K:$K,Lista_Precios!$A:$A,$A6,Lista_Precios!$C:$C,$B6,Lista_Precios!$E:$E,$C6,Lista_Precios!$I:$I,12)>0,SUMIFS(Lista_Precios!$K:$K,Lista_Precios!$A:$A,$A6,Lista_Precios!$C:$C,$B6,Lista_Precios!$E:$E,$C6,Lista_Precios!$I:$I,12),IF(SUMIFS(Lista_Precios!$J:$J,Lista_Precios!$A:$A,$A6,Lista_Precios!$C:$C,$B6,Lista_Precios!$E:$E,$C6,Lista_Precios!$I:$I,12)>0,SUMIFS(Lista_Precios!$J:$J,Lista_Precios!$A:$A,$A6,Lista_Precios!$C:$C,$B6,Lista_Precios!$E:$E,$C6,Lista_Precios!$I:$I,12),"")) -> 17.342 | E6: =IF(SUMIFS(Lista_Precios!$K:$K,Lista_Precios!$A:$A,$A6,Lista_Precios!$C:$C,$B6,Lista_Precios!$E:$E,$C6,Lista_Precios!$I:$I,24)>0,SUMIFS(Lista_Precios!$K:$K,Lista_Precios!$A:$A,$A6,Lista_Precios!$C:$C,$B6,Lista_Precios!$E:$E,$C6,Lista_Precios!$I:$I,24),IF(SUMIFS(Lista_Precios!$J:$J,Lista_Precios!$A:$A,$A6,Lista_Precios!$C:$C,$B6,Lista_Precios!$E:$E,$C6,Lista_Precios!$I:$I,24)>0,SUMIFS(Lista_Precios!$J:$J,Lista_Precios!$A:$A,$A6,Lista_Precios!$C:$C,$B6,Lista_Precios!$E:$E,$C6,Lista_Precios!$I:$I,24),"")) -> 34.684 | F6: =IF(SUMIFS(Lista_Precios!$K:$K,Lista_Precios!$A:$A,$A6,Lista_Precios!$C:$C,$B6,Lista_Precios!$E:$E,$C6,Lista_Precios!$I:$I,36)>0,SUMIFS(Lista_Precios!$K:$K,Lista_Precios!$A:$A,$A6,Lista_Precios!$C:$C,$B6,Lista_Precios!$E:$E,$C6,Lista_Precios!$I:$I,36),IF(SUMIFS(Lista_Precios!$J:$J,Lista_Precios!$A:$A,$A6,Lista_Precios!$C:$C,$B6,Lista_Precios!$E:$E,$C6,Lista_Precios!$I:$I,36)>0,SUMIFS(Lista_Precios!$J:$J,Lista_Precios!$A:$A,$A6,Lista_Precios!$C:$C,$B6,Lista_Precios!$E:$E,$C6,Lista_Precios!$I:$I,36),"")) -> 44.2208 | G6: =IF(F6="","",F6/36) -> 1.2283556 | H6: Recomendar 36 meses si el cliente busca mayor planeación presupuestal.
A7: Server | B7: Sophos Server | C7: 101-200 LIC | D7: =IF(SUMIFS(Lista_Precios!$K:$K,Lista_Precios!$A:$A,$A7,Lista_Precios!$C:$C,$B7,Lista_Precios!$E:$E,$C7,Lista_Precios!$I:$I,12)>0,SUMIFS(Lista_Precios!$K:$K,Lista_Precios!$A:$A,$A7,Lista_Precios!$C:$C,$B7,Lista_Precios!$E:$E,$C7,Lista_Precios!$I:$I,12),IF(SUMIFS(Lista_Precios!$J:$J,Lista_Precios!$A:$A,$A7,Lista_Precios!$C:$C,$B7,Lista_Precios!$E:$E,$C7,Lista_Precios!$I:$I,12)>0,SUMIFS(Lista_Precios!$J:$J,Lista_Precios!$A:$A,$A7,Lista_Precios!$C:$C,$B7,Lista_Precios!$E:$E,$C7,Lista_Precios!$I:$I,12),"")) -> 27.7108 | E7: =IF(SUMIFS(Lista_Precios!$K:$K,Lista_Precios!$A:$A,$A7,Lista_Precios!$C:$C,$B7,Lista_Precios!$E:$E,$C7,Lista_Precios!$I:$I,24)>0,SUMIFS(Lista_Precios!$K:$K,Lista_Precios!$A:$A,$A7,Lista_Precios!$C:$C,$B7,Lista_Precios!$E:$E,$C7,Lista_Precios!$I:$I,24),IF(SUMIFS(Lista_Precios!$J:$J,Lista_Precios!$A:$A,$A7,Lista_Precios!$C:$C,$B7,Lista_Precios!$E:$E,$C7,Lista_Precios!$I:$I,24)>0,SUMIFS(Lista_Precios!$J:$J,Lista_Precios!$A:$A,$A7,Lista_Precios!$C:$C,$B7,Lista_Precios!$E:$E,$C7,Lista_Precios!$I:$I,24),"")) -> 55.4164 | F7: =IF(SUMIFS(Lista_Precios!$K:$K,Lista_Precios!$A:$A,$A7,Lista_Precios!$C:$C,$B7,Lista_Precios!$E:$E,$C7,Lista_Precios!$I:$I,36)>0,SUMIFS(Lista_Precios!$K:$K,Lista_Precios!$A:$A,$A7,Lista_Precios!$C:$C,$B7,Lista_Precios!$E:$E,$C7,Lista_Precios!$I:$I,36),IF(SUMIFS(Lista_Precios!$J:$J,Lista_Precios!$A:$A,$A7,Lista_Precios!$C:$C,$B7,Lista_Precios!$E:$E,$C7,Lista_Precios!$I:$I,36)>0,SUMIFS(Lista_Precios!$J:$J,Lista_Precios!$A:$A,$A7,Lista_Precios!$C:$C,$B7,Lista_Precios!$E:$E,$C7,Lista_Precios!$I:$I,36),"")) -> 70.6576 | G7: =IF(F7="","",F7/36) -> 1.9627111 | H7: Recomendar 36 meses si el cliente busca mayor planeación presupuestal.
A8: EDR User | B8: EDR USER | C8: 1-9 LIC | D8: =IF(SUMIFS(Lista_Precios!$K:$K,Lista_Precios!$A:$A,$A8,Lista_Precios!$C:$C,$B8,Lista_Precios!$E:$E,$C8,Lista_Precios!$I:$I,12)>0,SUMIFS(Lista_Precios!$K:$K,Lista_Precios!$A:$A,$A8,Lista_Precios!$C:$C,$B8,Lista_Precios!$E:$E,$C8,Lista_Precios!$I:$I,12),IF(SUMIFS(Lista_Precios!$J:$J,Lista_Precios!$A:$A,$A8,Lista_Precios!$C:$C,$B8,Lista_Precios!$E:$E,$C8,Lista_Precios!$I:$I,12)>0,SUMIFS(Lista_Precios!$J:$J,Lista_Precios!$A:$A,$A8,Lista_Precios!$C:$C,$B8,Lista_Precios!$E:$E,$C8,Lista_Precios!$I:$I,12),"")) -> 47.84 | E8: =IF(SUMIFS(Lista_Precios!$K:$K,Lista_Precios!$A:$A,$A8,Lista_Precios!$C:$C,$B8,Lista_Precios!$E:$E,$C8,Lista_Precios!$I:$I,24)>0,SUMIFS(Lista_Precios!$K:$K,Lista_Precios!$A:$A,$A8,Lista_Precios!$C:$C,$B8,Lista_Precios!$E:$E,$C8,Lista_Precios!$I:$I,24),IF(SUMIFS(Lista_Precios!$J:$J,Lista_Precios!$A:$A,$A8,Lista_Precios!$C:$C,$B8,Lista_Precios!$E:$E,$C8,Lista_Precios!$I:$I,24)>0,SUMIFS(Lista_Precios!$J:$J,Lista_Precios!$A:$A,$A8,Lista_Precios!$C:$C,$B8,Lista_Precios!$E:$E,$C8,Lista_Precios!$I:$I,24),"")) -> 95.68 | F8: =IF(SUMIFS(Lista_Precios!$K:$K,Lista_Precios!$A:$A,$A8,Lista_Precios!$C:$C,$B8,Lista_Precios!$E:$E,$C8,Lista_Precios!$I:$I,36)>0,SUMIFS(Lista_Precios!$K:$K,Lista_Precios!$A:$A,$A8,Lista_Precios!$C:$C,$B8,Lista_Precios!$E:$E,$C8,Lista_Precios!$I:$I,36),IF(SUMIFS(Lista_Precios!$J:$J,Lista_Precios!$A:$A,$A8,Lista_Precios!$C:$C,$B8,Lista_Precios!$E:$E,$C8,Lista_Precios!$I:$I,36)>0,SUMIFS(Lista_Precios!$J:$J,Lista_Precios!$A:$A,$A8,Lista_Precios!$C:$C,$B8,Lista_Precios!$E:$E,$C8,Lista_Precios!$I:$I,36),"")) -> 121.992 | G8: =IF(F8="","",F8/36) -> 3.3886667 | H8: Recomendar 36 meses si el cliente busca mayor planeación presupuestal.
A9: EDR User | B9: EDR USER | C9: 10-24 LIC | D9: =IF(SUMIFS(Lista_Precios!$K:$K,Lista_Precios!$A:$A,$A9,Lista_Precios!$C:$C,$B9,Lista_Precios!$E:$E,$C9,Lista_Precios!$I:$I,12)>0,SUMIFS(Lista_Precios!$K:$K,Lista_Precios!$A:$A,$A9,Lista_Precios!$C:$C,$B9,Lista_Precios!$E:$E,$C9,Lista_Precios!$I:$I,12),IF(SUMIFS(Lista_Precios!$J:$J,Lista_Precios!$A:$A,$A9,Lista_Precios!$C:$C,$B9,Lista_Precios!$E:$E,$C9,Lista_Precios!$I:$I,12)>0,SUMIFS(Lista_Precios!$J:$J,Lista_Precios!$A:$A,$A9,Lista_Precios!$C:$C,$B9,Lista_Precios!$E:$E,$C9,Lista_Precios!$I:$I,12),"")) -> 32.3024 | E9: =IF(SUMIFS(Lista_Precios!$K:$K,Lista_Precios!$A:$A,$A9,Lista_Precios!$C:$C,$B9,Lista_Precios!$E:$E,$C9,Lista_Precios!$I:$I,24)>0,SUMIFS(Lista_Precios!$K:$K,Lista_Precios!$A:$A,$A9,Lista_Precios!$C:$C,$B9,Lista_Precios!$E:$E,$C9,Lista_Precios!$I:$I,24),IF(SUMIFS(Lista_Precios!$J:$J,Lista_Precios!$A:$A,$A9,Lista_Precios!$C:$C,$B9,Lista_Precios!$E:$E,$C9,Lista_Precios!$I:$I,24)>0,SUMIFS(Lista_Precios!$J:$J,Lista_Precios!$A:$A,$A9,Lista_Precios!$C:$C,$B9,Lista_Precios!$E:$E,$C9,Lista_Precios!$I:$I,24),"")) -> 64.61 | F9: =IF(SUMIFS(Lista_Precios!$K:$K,Lista_Precios!$A:$A,$A9,Lista_Precios!$C:$C,$B9,Lista_Precios!$E:$E,$C9,Lista_Precios!$I:$I,36)>0,SUMIFS(Lista_Precios!$K:$K,Lista_Precios!$A:$A,$A9,Lista_Precios!$C:$C,$B9,Lista_Precios!$E:$E,$C9,Lista_Precios!$I:$I,36),IF(SUMIFS(Lista_Precios!$J:$J,Lista_Precios!$A:$A,$A9,Lista_Precios!$C:$C,$B9,Lista_Precios!$E:$E,$C9,Lista_Precios!$I:$I,36)>0,SUMIFS(Lista_Precios!$J:$J,Lista_Precios!$A:$A,$A9,Lista_Precios!$C:$C,$B9,Lista_Precios!$E:$E,$C9,Lista_Precios!$I:$I,36),"")) -> 82.3732 | G9: =IF(F9="","",F9/36) -> 2.2881444 | H9: Recomendar 36 meses si el cliente busca mayor planeación presupuestal.
A10: EDR User | B10: EDR USER | C10: 25-49 LIC | D10: =IF(SUMIFS(Lista_Precios!$K:$K,Lista_Precios!$A:$A,$A10,Lista_Precios!$C:$C,$B10,Lista_Precios!$E:$E,$C10,Lista_Precios!$I:$I,12)>0,SUMIFS(Lista_Precios!$K:$K,Lista_Precios!$A:$A,$A10,Lista_Precios!$C:$C,$B10,Lista_Precios!$E:$E,$C10,Lista_Precios!$I:$I,12),IF(SUMIFS(Lista_Precios!$J:$J,Lista_Precios!$A:$A,$A10,Lista_Precios!$C:$C,$B10,Lista_Precios!$E:$E,$C10,Lista_Precios!$I:$I,12)>0,SUMIFS(Lista_Precios!$J:$J,Lista_Precios!$A:$A,$A10,Lista_Precios!$C:$C,$B10,Lista_Precios!$E:$E,$C10,Lista_Precios!$I:$I,12),"")) -> 30.7632 | E10: =IF(SUMIFS(Lista_Precios!$K:$K,Lista_Precios!$A:$A,$A10,Lista_Precios!$C:$C,$B10,Lista_Precios!$E:$E,$C10,Lista_Precios!$I:$I,24)>0,SUMIFS(Lista_Precios!$K:$K,Lista_Precios!$A:$A,$A10,Lista_Precios!$C:$C,$B10,Lista_Precios!$E:$E,$C10,Lista_Precios!$I:$I,24),IF(SUMIFS(Lista_Precios!$J:$J,Lista_Precios!$A:$A,$A10,Lista_Precios!$C:$C,$B10,Lista_Precios!$E:$E,$C10,Lista_Precios!$I:$I,24)>0,SUMIFS(Lista_Precios!$J:$J,Lista_Precios!$A:$A,$A10,Lista_Precios!$C:$C,$B10,Lista_Precios!$E:$E,$C10,Lista_Precios!$I:$I,24),"")) -> 61.5316 | F10: =IF(SUMIFS(Lista_Precios!$K:$K,Lista_Precios!$A:$A,$A10,Lista_Precios!$C:$C,$B10,Lista_Precios!$E:$E,$C10,Lista_Precios!$I:$I,36)>0,SUMIFS(Lista_Precios!$K:$K,Lista_Precios!$A:$A,$A10,Lista_Precios!$C:$C,$B10,Lista_Precios!$E:$E,$C10,Lista_Precios!$I:$I,36),IF(SUMIFS(Lista_Precios!$J:$J,Lista_Precios!$A:$A,$A10,Lista_Precios!$C:$C,$B10,Lista_Precios!$E:$E,$C10,Lista_Precios!$I:$I,36)>0,SUMIFS(Lista_Precios!$J:$J,Lista_Precios!$A:$A,$A10,Lista_Precios!$C:$C,$B10,Lista_Precios!$E:$E,$C10,Lista_Precios!$I:$I,36),"")) -> 78.4524 | G10: =IF(F10="","",F10/36) -> 2.1792333 | H10: Recomendar 36 meses si el cliente busca mayor planeación presupuestal.
A11: EDR User | B11: EDR USER | C11: 50-99 LIC | D11: =IF(SUMIFS(Lista_Precios!$K:$K,Lista_Precios!$A:$A,$A11,Lista_Precios!$C:$C,$B11,Lista_Precios!$E:$E,$C11,Lista_Precios!$I:$I,12)>0,SUMIFS(Lista_Precios!$K:$K,Lista_Precios!$A:$A,$A11,Lista_Precios!$C:$C,$B11,Lista_Precios!$E:$E,$C11,Lista_Precios!$I:$I,12),IF(SUMIFS(Lista_Precios!$J:$J,Lista_Precios!$A:$A,$A11,Lista_Precios!$C:$C,$B11,Lista_Precios!$E:$E,$C11,Lista_Precios!$I:$I,12)>0,SUMIFS(Lista_Precios!$J:$J,Lista_Precios!$A:$A,$A11,Lista_Precios!$C:$C,$B11,Lista_Precios!$E:$E,$C11,Lista_Precios!$I:$I,12),"")) -> 29.2292 | E11: =IF(SUMIFS(Lista_Precios!$K:$K,Lista_Precios!$A:$A,$A11,Lista_Precios!$C:$C,$B11,Lista_Precios!$E:$E,$C11,Lista_Precios!$I:$I,24)>0,SUMIFS(Lista_Precios!$K:$K,Lista_Precios!$A:$A,$A11,Lista_Precios!$C:$C,$B11,Lista_Precios!$E:$E,$C11,Lista_Precios!$I:$I,24),IF(SUMIFS(Lista_Precios!$J:$J,Lista_Precios!$A:$A,$A11,Lista_Precios!$C:$C,$B11,Lista_Precios!$E:$E,$C11,Lista_Precios!$I:$I,24)>0,SUMIFS(Lista_Precios!$J:$J,Lista_Precios!$A:$A,$A11,Lista_Precios!$C:$C,$B11,Lista_Precios!$E:$E,$C11,Lista_Precios!$I:$I,24),"")) -> 58.4532 | F11: =IF(SUMIFS(Lista_Precios!$K:$K,Lista_Precios!$A:$A,$A11,Lista_Precios!$C:$C,$B11,Lista_Precios!$E:$E,$C11,Lista_Precios!$I:$I,36)>0,SUMIFS(Lista_Precios!$K:$K,Lista_Precios!$A:$A,$A11,Lista_Precios!$C:$C,$B11,Lista_Precios!$E:$E,$C11,Lista_Precios!$I:$I,36),IF(SUMIFS(Lista_Precios!$J:$J,Lista_Precios!$A:$A,$A11,Lista_Precios!$C:$C,$B11,Lista_Precios!$E:$E,$C11,Lista_Precios!$I:$I,36)>0,SUMIFS(Lista_Precios!$J:$J,Lista_Precios!$A:$A,$A11,Lista_Precios!$C:$C,$B11,Lista_Precios!$E:$E,$C11,Lista_Precios!$I:$I,36),"")) -> 74.5316 | G11: =IF(F11="","",F11/36) -> 2.0703222 | H11: Recomendar 36 meses si el cliente busca mayor planeación presupuestal.
A12: EDR User | B12: EDR USER | C12: 100-199 LIC | D12: =IF(SUMIFS(Lista_Precios!$K:$K,Lista_Precios!$A:$A,$A12,Lista_Precios!$C:$C,$B12,Lista_Precios!$E:$E,$C12,Lista_Precios!$I:$I,12)>0,SUMIFS(Lista_Precios!$K:$K,Lista_Precios!$A:$A,$A12,Lista_Precios!$C:$C,$B12,Lista_Precios!$E:$E,$C12,Lista_Precios!$I:$I,12),IF(SUMIFS(Lista_Precios!$J:$J,Lista_Precios!$A:$A,$A12,Lista_Precios!$C:$C,$B12,Lista_Precios!$E:$E,$C12,Lista_Precios!$I:$I,12)>0,SUMIFS(Lista_Precios!$J:$J,Lista_Precios!$A:$A,$A12,Lista_Precios!$C:$C,$B12,Lista_Precios!$E:$E,$C12,Lista_Precios!$I:$I,12),"")) -> 27.0712 | E12: =IF(SUMIFS(Lista_Precios!$K:$K,Lista_Precios!$A:$A,$A12,Lista_Precios!$C:$C,$B12,Lista_Precios!$E:$E,$C12,Lista_Precios!$I:$I,24)>0,SUMIFS(Lista_Precios!$K:$K,Lista_Precios!$A:$A,$A12,Lista_Precios!$C:$C,$B12,Lista_Precios!$E:$E,$C12,Lista_Precios!$I:$I,24),IF(SUMIFS(Lista_Precios!$J:$J,Lista_Precios!$A:$A,$A12,Lista_Precios!$C:$C,$B12,Lista_Precios!$E:$E,$C12,Lista_Precios!$I:$I,24)>0,SUMIFS(Lista_Precios!$J:$J,Lista_Precios!$A:$A,$A12,Lista_Precios!$C:$C,$B12,Lista_Precios!$E:$E,$C12,Lista_Precios!$I:$I,24),"")) -> 54.1476 | F12: =IF(SUMIFS(Lista_Precios!$K:$K,Lista_Precios!$A:$A,$A12,Lista_Precios!$C:$C,$B12,Lista_Precios!$E:$E,$C12,Lista_Precios!$I:$I,36)>0,SUMIFS(Lista_Precios!$K:$K,Lista_Precios!$A:$A,$A12,Lista_Precios!$C:$C,$B12,Lista_Precios!$E:$E,$C12,Lista_Precios!$I:$I,36),IF(SUMIFS(Lista_Precios!$J:$J,Lista_Precios!$A:$A,$A12,Lista_Precios!$C:$C,$B12,Lista_Precios!$E:$E,$C12,Lista_Precios!$I:$I,36)>0,SUMIFS(Lista_Precios!$J:$J,Lista_Precios!$A:$A,$A12,Lista_Precios!$C:$C,$B12,Lista_Precios!$E:$E,$C12,Lista_Precios!$I:$I,36),"")) -> 69.0404 | G12: =IF(F12="","",F12/36) -> 1.9177889 | H12: Recomendar 36 meses si el cliente busca mayor planeación presupuestal.
A13: EDR Server | B13: EDR SERVER | C13: 1-9 LIC | D13: =IF(SUMIFS(Lista_Precios!$K:$K,Lista_Precios!$A:$A,$A13,Lista_Precios!$C:$C,$B13,Lista_Precios!$E:$E,$C13,Lista_Precios!$I:$I,12)>0,SUMIFS(Lista_Precios!$K:$K,Lista_Precios!$A:$A,$A13,Lista_Precios!$C:$C,$B13,Lista_Precios!$E:$E,$C13,Lista_Precios!$I:$I,12),IF(SUMIFS(Lista_Precios!$J:$J,Lista_Precios!$A:$A,$A13,Lista_Precios!$C:$C,$B13,Lista_Precios!$E:$E,$C13,Lista_Precios!$I:$I,12)>0,SUMIFS(Lista_Precios!$J:$J,Lista_Precios!$A:$A,$A13,Lista_Precios!$C:$C,$B13,Lista_Precios!$E:$E,$C13,Lista_Precios!$I:$I,12),"")) -> 61.9008 | E13: =IF(SUMIFS(Lista_Precios!$K:$K,Lista_Precios!$A:$A,$A13,Lista_Precios!$C:$C,$B13,Lista_Precios!$E:$E,$C13,Lista_Precios!$I:$I,24)>0,SUMIFS(Lista_Precios!$K:$K,Lista_Precios!$A:$A,$A13,Lista_Precios!$C:$C,$B13,Lista_Precios!$E:$E,$C13,Lista_Precios!$I:$I,24),IF(SUMIFS(Lista_Precios!$J:$J,Lista_Precios!$A:$A,$A13,Lista_Precios!$C:$C,$B13,Lista_Precios!$E:$E,$C13,Lista_Precios!$I:$I,24)>0,SUMIFS(Lista_Precios!$J:$J,Lista_Precios!$A:$A,$A13,Lista_Precios!$C:$C,$B13,Lista_Precios!$E:$E,$C13,Lista_Precios!$I:$I,24),"")) -> 123.8016 | F13: =IF(SUMIFS(Lista_Precios!$K:$K,Lista_Precios!$A:$A,$A13,Lista_Precios!$C:$C,$B13,Lista_Precios!$E:$E,$C13,Lista_Precios!$I:$I,36)>0,SUMIFS(Lista_Precios!$K:$K,Lista_Precios!$A:$A,$A13,Lista_Precios!$C:$C,$B13,Lista_Precios!$E:$E,$C13,Lista_Precios!$I:$I,36),IF(SUMIFS(Lista_Precios!$J:$J,Lista_Precios!$A:$A,$A13,Lista_Precios!$C:$C,$B13,Lista_Precios!$E:$E,$C13,Lista_Precios!$I:$I,36)>0,SUMIFS(Lista_Precios!$J:$J,Lista_Precios!$A:$A,$A13,Lista_Precios!$C:$C,$B13,Lista_Precios!$E:$E,$C13,Lista_Precios!$I:$I,36),"")) -> 157.846 | G13: =IF(F13="","",F13/36) -> 4.3846111 | H13: Recomendar 36 meses si el cliente busca mayor planeación presupuestal.
A14: EDR Server | B14: EDR SERVER | C14: 10-24 LIC | D14: =IF(SUMIFS(Lista_Precios!$K:$K,Lista_Precios!$A:$A,$A14,Lista_Precios!$C:$C,$B14,Lista_Precios!$E:$E,$C14,Lista_Precios!$I:$I,12)>0,SUMIFS(Lista_Precios!$K:$K,Lista_Precios!$A:$A,$A14,Lista_Precios!$C:$C,$B14,Lista_Precios!$E:$E,$C14,Lista_Precios!$I:$I,12),IF(SUMIFS(Lista_Precios!$J:$J,Lista_Precios!$A:$A,$A14,Lista_Precios!$C:$C,$B14,Lista_Precios!$E:$E,$C14,Lista_Precios!$I:$I,12)>0,SUMIFS(Lista_Precios!$J:$J,Lista_Precios!$A:$A,$A14,Lista_Precios!$C:$C,$B14,Lista_Precios!$E:$E,$C14,Lista_Precios!$I:$I,12),"")) -> 47.7256 | E14: =IF(SUMIFS(Lista_Precios!$K:$K,Lista_Precios!$A:$A,$A14,Lista_Precios!$C:$C,$B14,Lista_Precios!$E:$E,$C14,Lista_Precios!$I:$I,24)>0,SUMIFS(Lista_Precios!$K:$K,Lista_Precios!$A:$A,$A14,Lista_Precios!$C:$C,$B14,Lista_Precios!$E:$E,$C14,Lista_Precios!$I:$I,24),IF(SUMIFS(Lista_Precios!$J:$J,Lista_Precios!$A:$A,$A14,Lista_Precios!$C:$C,$B14,Lista_Precios!$E:$E,$C14,Lista_Precios!$I:$I,24)>0,SUMIFS(Lista_Precios!$J:$J,Lista_Precios!$A:$A,$A14,Lista_Precios!$C:$C,$B14,Lista_Precios!$E:$E,$C14,Lista_Precios!$I:$I,24),"")) -> 95.4512 | F14: =IF(SUMIFS(Lista_Precios!$K:$K,Lista_Precios!$A:$A,$A14,Lista_Precios!$C:$C,$B14,Lista_Precios!$E:$E,$C14,Lista_Precios!$I:$I,36)>0,SUMIFS(Lista_Precios!$K:$K,Lista_Precios!$A:$A,$A14,Lista_Precios!$C:$C,$B14,Lista_Precios!$E:$E,$C14,Lista_Precios!$I:$I,36),IF(SUMIFS(Lista_Precios!$J:$J,Lista_Precios!$A:$A,$A14,Lista_Precios!$C:$C,$B14,Lista_Precios!$E:$E,$C14,Lista_Precios!$I:$I,36)>0,SUMIFS(Lista_Precios!$J:$J,Lista_Precios!$A:$A,$A14,Lista_Precios!$C:$C,$B14,Lista_Precios!$E:$E,$C14,Lista_Precios!$I:$I,36),"")) -> 121.7008 | G14: =IF(F14="","",F14/36) -> 3.3805778 | H14: Recomendar 36 meses si el cliente busca mayor planeación presupuestal.
A15: EDR Server | B15: EDR SERVER | C15: 25-49 LIC | D15: =IF(SUMIFS(Lista_Precios!$K:$K,Lista_Precios!$A:$A,$A15,Lista_Precios!$C:$C,$B15,Lista_Precios!$E:$E,$C15,Lista_Precios!$I:$I,12)>0,SUMIFS(Lista_Precios!$K:$K,Lista_Precios!$A:$A,$A15,Lista_Precios!$C:$C,$B15,Lista_Precios!$E:$E,$C15,Lista_Precios!$I:$I,12),IF(SUMIFS(Lista_Precios!$J:$J,Lista_Precios!$A:$A,$A15,Lista_Precios!$C:$C,$B15,Lista_Precios!$E:$E,$C15,Lista_Precios!$I:$I,12)>0,SUMIFS(Lista_Precios!$J:$J,Lista_Precios!$A:$A,$A15,Lista_Precios!$C:$C,$B15,Lista_Precios!$E:$E,$C15,Lista_Precios!$I:$I,12),"")) -> 45.5728 | E15: =IF(SUMIFS(Lista_Precios!$K:$K,Lista_Precios!$A:$A,$A15,Lista_Precios!$C:$C,$B15,Lista_Precios!$E:$E,$C15,Lista_Precios!$I:$I,24)>0,SUMIFS(Lista_Precios!$K:$K,Lista_Precios!$A:$A,$A15,Lista_Precios!$C:$C,$B15,Lista_Precios!$E:$E,$C15,Lista_Precios!$I:$I,24),IF(SUMIFS(Lista_Precios!$J:$J,Lista_Precios!$A:$A,$A15,Lista_Precios!$C:$C,$B15,Lista_Precios!$E:$E,$C15,Lista_Precios!$I:$I,24)>0,SUMIFS(Lista_Precios!$J:$J,Lista_Precios!$A:$A,$A15,Lista_Precios!$C:$C,$B15,Lista_Precios!$E:$E,$C15,Lista_Precios!$I:$I,24),"")) -> 91.1456 | F15: =IF(SUMIFS(Lista_Precios!$K:$K,Lista_Precios!$A:$A,$A15,Lista_Precios!$C:$C,$B15,Lista_Precios!$E:$E,$C15,Lista_Precios!$I:$I,36)>0,SUMIFS(Lista_Precios!$K:$K,Lista_Precios!$A:$A,$A15,Lista_Precios!$C:$C,$B15,Lista_Precios!$E:$E,$C15,Lista_Precios!$I:$I,36),IF(SUMIFS(Lista_Precios!$J:$J,Lista_Precios!$A:$A,$A15,Lista_Precios!$C:$C,$B15,Lista_Precios!$E:$E,$C15,Lista_Precios!$I:$I,36)>0,SUMIFS(Lista_Precios!$J:$J,Lista_Precios!$A:$A,$A15,Lista_Precios!$C:$C,$B15,Lista_Precios!$E:$E,$C15,Lista_Precios!$I:$I,36),"")) -> 116.2096 | G15: =IF(F15="","",F15/36) -> 3.2280444 | H15: Recomendar 36 meses si el cliente busca mayor planeación presupuestal.
... A27: XDR Server | B27: XDR SERVER | C27: 100-999 LIC | D27: =IF(SUMIFS(Lista_Precios!$K:$K,Lista_Precios!$A:$A,$A27,Lista_Precios!$C:$C,$B27,Lista_Precios!$E:$E,$C27,Lista_Precios!$I:$I,12)>0,SUMIFS(Lista_Precios!$K:$K,Lista_Precios!$A:$A,$A27,Lista_Precios!$C:$C,$B27,Lista_Precios!$E:$E,$C27,Lista_Precios!$I:$I,12),IF(SUMIFS(Lista_Precios!$J:$J,Lista_Precios!$A:$A,$A27,Lista_Precios!$C:$C,$B27,Lista_Precios!$E:$E,$C27,Lista_Precios!$I:$I,12)>0,SUMIFS(Lista_Precios!$J:$J,Lista_Precios!$A:$A,$A27,Lista_Precios!$C:$C,$B27,Lista_Precios!$E:$E,$C27,Lista_Precios!$I:$I,12),"")) -> 40.1856 | E27: =IF(SUMIFS(Lista_Precios!$K:$K,Lista_Precios!$A:$A,$A27,Lista_Precios!$C:$C,$B27,Lista_Precios!$E:$E,$C27,Lista_Precios!$I:$I,24)>0,SUMIFS(Lista_Precios!$K:$K,Lista_Precios!$A:$A,$A27,Lista_Precios!$C:$C,$B27,Lista_Precios!$E:$E,$C27,Lista_Precios!$I:$I,24),IF(SUMIFS(Lista_Precios!$J:$J,Lista_Precios!$A:$A,$A27,Lista_Precios!$C:$C,$B27,Lista_Precios!$E:$E,$C27,Lista_Precios!$I:$I,24)>0,SUMIFS(Lista_Precios!$J:$J,Lista_Precios!$A:$A,$A27,Lista_Precios!$C:$C,$B27,Lista_Precios!$E:$E,$C27,Lista_Precios!$I:$I,24),"")) -> 80.3712 | F27: =IF(SUMIFS(Lista_Precios!$K:$K,Lista_Precios!$A:$A,$A27,Lista_Precios!$C:$C,$B27,Lista_Precios!$E:$E,$C27,Lista_Precios!$I:$I,36)>0,SUMIFS(Lista_Precios!$K:$K,Lista_Precios!$A:$A,$A27,Lista_Precios!$C:$C,$B27,Lista_Precios!$E:$E,$C27,Lista_Precios!$I:$I,36),IF(SUMIFS(Lista_Precios!$J:$J,Lista_Precios!$A:$A,$A27,Lista_Precios!$C:$C,$B27,Lista_Precios!$E:$E,$C27,Lista_Precios!$I:$I,36)>0,SUMIFS(Lista_Precios!$J:$J,Lista_Precios!$A:$A,$A27,Lista_Precios!$C:$C,$B27,Lista_Precios!$E:$E,$C27,Lista_Precios!$I:$I,36),"")) -> 102.4712 | G27: =IF(F27="","",F27/36) -> 2.8464222 | H27: Recomendar 36 meses si el cliente busca mayor planeación presupuestal.
